{
    "transformations": {
        "test_image_1.png": {
            "jpeg_q50": {
                "psnr": 47.81066351331936,
                "ssim": 0.9885711929092086,
                "wm_similarity": 0.03186667507497009
            },
            "jpeg_q70": {
                "psnr": 49.755547084698165,
                "ssim": 0.9919537328197275,
                "wm_similarity": 0.00031834425079038664
            },
            "jpeg_q90": {
                "psnr": 52.74290803226134,
                "ssim": 0.9954897606815766,
                "wm_similarity": -0.012103227924892868
            },
            "scale_0.5": {
                "psnr": 53.01695826107881,
                "ssim": 0.9961284832032217,
                "wm_similarity": -0.041049802044452396
            },
            "scale_0.75": {
                "psnr": 54.143392477587355,
                "ssim": 0.9970134824221845,
                "wm_similarity": 0.8969628079732066
            },
            "scale_1.5": {
                "psnr": 57.8893674105311,
                "ssim": 0.9988201760197603,
                "wm_similarity": 0.9610071986200756
            },
            "crop_0.8": {
                "psnr": 15.468520009286111,
                "ssim": 0.8423646753309301,
                "wm_similarity": 0.013244195422529205
            },
            "crop_0.9": {
                "psnr": 21.098969639317772,
                "ssim": 0.9347544217570442,
                "wm_similarity": 0.004562596208819826
            },
            "noise_5.0": {
                "psnr": 34.147175909714974,
                "ssim": 0.7570402385748869,
                "wm_similarity": 0.6523664304543323
            },
            "noise_10.0": {
                "psnr": 28.237191597696967,
                "ssim": 0.44628121074048116,
                "wm_similarity": 0.4092923769544582
            },
            "noise_15.0": {
                "psnr": 24.793518661143064,
                "ssim": 0.2693255264460363,
                "wm_similarity": 0.28425574786779795
            }
        },
        "test_image_2.png": {
            "jpeg_q50": {
                "psnr": 47.79767864100514,
                "ssim": 0.9886287330578379,
                "wm_similarity": 0.001706902227538664
            },
            "jpeg_q70": {
                "psnr": 49.75785971172198,
                "ssim": 0.9920099381325578,
                "wm_similarity": 0.006794759022326421
            },
            "jpeg_q90": {
                "psnr": 52.73850225688183,
                "ssim": 0.9955013186146201,
                "wm_similarity": -0.007036713987197582
            },
            "scale_0.5": {
                "psnr": 52.98816863599119,
                "ssim": 0.9961099529532217,
                "wm_similarity": -0.022102660982828592
            },
            "scale_0.75": {
                "psnr": 54.1306450352177,
                "ssim": 0.9970073279546048,
                "wm_similarity": 0.8974183772054678
            },
            "scale_1.5": {
                "psnr": 57.89987979135258,
                "ssim": 0.998824810255095,
                "wm_similarity": 0.9609845909097272
            },
            "crop_0.8": {
                "psnr": 15.468261440255645,
                "ssim": 0.8424711995373025,
                "wm_similarity": -0.010936500783597189
            },
            "crop_0.9": {
                "psnr": 21.098301037108467,
                "ssim": 0.9347918023683498,
                "wm_similarity": 0.008918210950622481
            },
            "noise_5.0": {
                "psnr": 34.16022081964607,
                "ssim": 0.7576071400821519,
                "wm_similarity": 0.658256667924188
            },
            "noise_10.0": {
                "psnr": 28.252014038642322,
                "ssim": 0.44727023842938857,
                "wm_similarity": 0.38884953291836605
            },
            "noise_15.0": {
                "psnr": 24.790821347760264,
                "ssim": 0.26926133742712216,
                "wm_similarity": 0.28731012231546366
            }
        },
        "test_image_3.png": {
            "jpeg_q50": {
                "psnr": 47.83333004173628,
                "ssim": 0.9886118478402924,
                "wm_similarity": 0.014848643053543335
            },
            "jpeg_q70": {
                "psnr": 49.80749141431958,
                "ssim": 0.9920335962448174,
                "wm_similarity": 0.020432900465397717
            },
            "jpeg_q90": {
                "psnr": 52.816158671176254,
                "ssim": 0.9955813015739955,
                "wm_similarity": -0.012641890998626924
            },
            "scale_0.5": {
                "psnr": 53.10126291851623,
                "ssim": 0.9962121387599597,
                "wm_similarity": -0.03715586134606474
            },
            "scale_0.75": {
                "psnr": 54.190545008106376,
                "ssim": 0.9970555177739763,
                "wm_similarity": 0.8954122140689486
            },
            "scale_1.5": {
                "psnr": 57.91230776573674,
                "ssim": 0.9988259074246727,
                "wm_similarity": 0.9608866496335379
            },
            "crop_0.8": {
                "psnr": 15.468649425222964,
                "ssim": 0.8424972039463267,
                "wm_similarity": -0.0007300181212576331
            },
            "crop_0.9": {
                "psnr": 21.098150839709927,
                "ssim": 0.9347047951601745,
                "wm_similarity": 0.0020197844666130635
            },
            "noise_5.0": {
                "psnr": 34.16151099548916,
                "ssim": 0.7576377398105464,
                "wm_similarity": 0.643182654103574
            },
            "noise_10.0": {
                "psnr": 28.256329448169755,
                "ssim": 0.4474892893021978,
                "wm_similarity": 0.3851309012192994
            },
            "noise_15.0": {
                "psnr": 24.801690146901933,
                "ssim": 0.26973286113521544,
                "wm_similarity": 0.27033828793232917
            }
        },
        "test_image_4.png": {
            "jpeg_q50": {
                "psnr": 47.818396026433874,
                "ssim": 0.9885525697334961,
                "wm_similarity": -0.009306936965670917
            },
            "jpeg_q70": {
                "psnr": 49.77371989263601,
                "ssim": 0.9920027219264648,
                "wm_similarity": 0.005934958604048265
            },
            "jpeg_q90": {
                "psnr": 52.77107629738594,
                "ssim": 0.9955303836399393,
                "wm_similarity": -0.006157754233188983
            },
            "scale_0.5": {
                "psnr": 53.02099182188468,
                "ssim": 0.9961623534501781,
                "wm_similarity": -0.0042126841257315705
            },
            "scale_0.75": {
                "psnr": 54.176791993081714,
                "ssim": 0.9970353666077023,
                "wm_similarity": 0.8973264807561023
            },
            "scale_1.5": {
                "psnr": 57.90082244117411,
                "ssim": 0.9988183530948097,
                "wm_similarity": 0.961694496431566
            },
            "crop_0.8": {
                "psnr": 15.467557534189753,
                "ssim": 0.8423254461889688,
                "wm_similarity": 0.01914504408435132
            },
            "crop_0.9": {
                "psnr": 21.09948445801795,
                "ssim": 0.9347271700965409,
                "wm_similarity": 0.018816588743226448
            },
            "noise_5.0": {
                "psnr": 34.14701989269525,
                "ssim": 0.7570714966572556,
                "wm_similarity": 0.6483798896069142
            },
            "noise_10.0": {
                "psnr": 28.243990668071287,
                "ssim": 0.44658506462708214,